{
  "price_per_sqm_mean": 19502.974476657353,
  "fallback_for_unseen_category": 19502.974476657353,
  "rows_used": 550366
}