{
  "MAPE": 0.18934188626870946,
  "RMSE": 929229.2145827148,
  "R2": 0.871603806239774
}