Metric,Value
MAPE,0.13213370090043253
RMSE,789503.6161535917
R2,0.9274765633536569
