Year,Count,MAPE,RMSE,R2
2025,12757,0.10564773384434972,598000.1802173208,0.9444968539414649
2026,66372,0.13722442412309344,821210.6700512845,0.9249486129435414
